cod_obra	titulo_umpg	isrc	artista_deezer	album	fecha_lanzamiento	portada	url
DDJ520	SUBE ARRIBA	QZTBD2489905	8belial	Sube Arriba	2024-11-12	https://cdn-images.dzcdn.net/images/cover/02e84ac04dcbfece6e19933d11f6143f/250x250-000000-80-0-0.jpg	https://www.deezer.com/track/2984411061
DDJ526	DISOBEY ANTHEM	QZK6N2434441	yyy891	DISOBEY VOL. I	2024-05-03	https://cdn-images.dzcdn.net/images/cover/2aee6e68b0a021b6cb17c3c137410dc4/250x250-000000-80-0-0.jpg	https://www.deezer.com/track/2766623721
DDJ510	BAJATE GYAL	QZTB32465099	roomtrash6	Bajate Gyal	2024-08-13	https://cdn-images.dzcdn.net/images/cover/790cbea1e9d7141bafb38f7aa3c378d3/250x250-000000-80-0-0.jpg	https://www.deezer.com/track/2939766101
DDJ537	JAJAJA	QZHN42437984	yyy891	DISOBEY VOL. I	2024-05-03	https://cdn-images.dzcdn.net/images/cover/2aee6e68b0a021b6cb17c3c137410dc4/250x250-000000-80-0-0.jpg	https://www.deezer.com/track/2766623771
DDJ461	POLOTEAM	QZTBF2385876	8belial	PoloTeam	2023-11-13	https://cdn-images.dzcdn.net/images/cover/f020720a53f61c859ae084fb6886480b/250x250-000000-80-0-0.jpg	https://www.deezer.com/track/2540747731
DDJ525	BLUNT	QZDA72414322	8belial	BLUNT	2024-02-07	https://cdn-images.dzcdn.net/images/cover/cae9f5bd473cd0b365772be8b04b0f9b/250x250-000000-80-0-0.jpg	https://www.deezer.com/track/2763396881
DDJ523	CANCHA	QZGLM1937552	Ita Cunha	Do Interior (Acústico)	2016-09-10	https://cdn-images.dzcdn.net/images/cover/5998754b676aa8d87097d4de251b827f/250x250-000000-80-0-0.jpg	https://www.deezer.com/track/704471622
DDJ522	GALOPANDO EN UN CABALLO	QM6MZ2421534	8belial	Galopando en un Caballo	2024-04-09	https://cdn-images.dzcdn.net/images/cover/f135d9c9bbc205be5b5010bc77c62427/250x250-000000-80-0-0.jpg	https://www.deezer.com/track/2733452231
DDJ527	TRUE RELIGION	QM6N22405337	8belial	DISOBEY VOL. I	2024-05-03	https://cdn-images.dzcdn.net/images/cover/2aee6e68b0a021b6cb17c3c137410dc4/250x250-000000-80-0-0.jpg	https://www.deezer.com/track/2766623761
DDJ524	M & TOSEINA	QM6N22405280	yyy891	DISOBEY VOL. I	2024-05-03	https://cdn-images.dzcdn.net/images/cover/2aee6e68b0a021b6cb17c3c137410dc4/250x250-000000-80-0-0.jpg	https://www.deezer.com/track/2766623711
DDJ517	CHOCOBOM	QM6P42482415	8belial	ChocoBom	2024-07-03	https://cdn-images.dzcdn.net/images/cover/389742422495532c368f06c38926ef92/250x250-000000-80-0-0.jpg	https://www.deezer.com/track/2865406362
DDJ519	ROLLINBACKLLYWOODS	QM6P42434722	8belial	RollinBackllywoods	2024-06-13	https://cdn-images.dzcdn.net/images/cover/d33ea00b94866d3b32c681ec189728d8/250x250-000000-80-0-0.jpg	https://www.deezer.com/track/2840117262
DDJ533	CADILLAC	QM6N22405294	8belial	DISOBEY VOL. I	2024-05-03	https://cdn-images.dzcdn.net/images/cover/2aee6e68b0a021b6cb17c3c137410dc4/250x250-000000-80-0-0.jpg	https://www.deezer.com/track/2766623751
DDJ500	GLOCK CHAMPIONS	KRA402600003	BLACKPINK	DEADLINE	2026-02-27	https://cdn-images.dzcdn.net/images/cover/8c2012eb608224b71d6b35f9092714ac/250x250-000000-80-0-0.jpg	https://www.deezer.com/track/3866248781
DDJ499	WIILEAN	QZWFL2383066	8belial	WiiLean	2023-12-17	https://cdn-images.dzcdn.net/images/cover/11be2619b14d21d769fbc95c3862fdc7/250x250-000000-80-0-0.jpg	https://www.deezer.com/track/2580885132
DDJ493	ADVENTURE TIME (SCOUTS)	GBLFP2356507	cybernene	Adventure Time (Scouts)	2023-07-05	https://cdn-images.dzcdn.net/images/cover/c80cc0ff3957eab7d87ffff6e72b0acc/250x250-000000-80-0-0.jpg	https://www.deezer.com/track/3562588271
DDJ481	CARLOTA	QM6N22470994	yyy891	Carlota	2024-06-14	https://cdn-images.dzcdn.net/images/cover/682a98a740ca9a45ea2550a4781164e1/250x250-000000-80-0-0.jpg	https://www.deezer.com/track/3456040301
DDJ479	CREAM PIE	GBLFP2472177	yyy891	Cream Pie	2024-02-29	https://cdn-images.dzcdn.net/images/cover/c871afe0205b87e0bace24be67f53148/250x250-000000-80-0-0.jpg	https://www.deezer.com/track/3456039321
DDJ477	DC DULCE CAMINO	UKXN22345664	yyy891	DC Dulce Camino	2023-10-13	https://cdn-images.dzcdn.net/images/cover/e2043c67d887747ce7ec03266ae16f3d/250x250-000000-80-0-0.jpg	https://www.deezer.com/track/3456040951
DDJ480	DINERO HACEDORES	QM6N22471132	yyy891	Dinero Hacedores	2024-05-24	https://cdn-images.dzcdn.net/images/cover/51c6b2a626140dce4ddfd545e4d33f0d/250x250-000000-80-0-0.jpg	https://www.deezer.com/track/3456040331
DDJ491	FRUITY	DECE72401717	BANGWHITE	FRUITY (RAINBOW)	2024-08-29	https://cdn-images.dzcdn.net/images/cover/a55afea8e52a4af64a215318be65cc56/250x250-000000-80-0-0.jpg	https://www.deezer.com/track/2968432101
DDJ476	GLO MALAGA	GBLFP2357725	El Wiwi	Glo Malaga	2023-07-19	https://cdn-images.dzcdn.net/images/cover/9a14fe958522377e053a18aae56056cf/250x250-000000-80-0-0.jpg	https://www.deezer.com/track/2348696795
DDJ494	GLORYTROTTER						
DDJ530	MONSTER	ITV951900009	LUM!X	Monster	2019-04-19	https://cdn-images.dzcdn.net/images/cover/91c0f3ac8dfddccacb734d540f02105b/250x250-000000-80-0-0.jpg	https://www.deezer.com/track/666178752
DDJ515	PACA, LA						
DDJ513	REINA DEL HASH	GBMA22499178	yyy891	My Sexy Bang Bang	2024-08-12	https://cdn-images.dzcdn.net/images/cover/4181d95900120a65913dd264f9e30361/250x250-000000-80-0-0.jpg	https://www.deezer.com/track/2937516781
DDJ512	RETRASADO	QM6P42445017	yyy891	Retrasado & Fanta y Lean	2024-06-24	https://cdn-images.dzcdn.net/images/cover/1a098996f97cb4f380f8b3dbc11869ff/250x250-000000-80-0-0.jpg	https://www.deezer.com/track/3456040271
DDJ478	SEXXXTING						
DDJ492	SPEED FRUITY	GX3Q92312911	cybernene	Fruity	2023-01-11	https://cdn-images.dzcdn.net/images/cover/3909204d4eb1d985c1de82066b03e4d9/250x250-000000-80-0-0.jpg	https://www.deezer.com/track/3562588251
DDJ532	SPIDERMAN	QM6N22405277	yyy891	DISOBEY VOL. I	2024-05-03	https://cdn-images.dzcdn.net/images/cover/2aee6e68b0a021b6cb17c3c137410dc4/250x250-000000-80-0-0.jpg	https://www.deezer.com/track/2766623731
DDJ518	TOTALAND	QM7282440723	yyy891	TOTALAND	2024-07-22	https://cdn-images.dzcdn.net/images/cover/cd848236ebef30e8677050bc816e9041/250x250-000000-80-0-0.jpg	https://www.deezer.com/track/3456040981
DDJ514	WACK	GBMA22499176	yyy891	My Sexy Bang Bang	2024-08-12	https://cdn-images.dzcdn.net/images/cover/4181d95900120a65913dd264f9e30361/250x250-000000-80-0-0.jpg	https://www.deezer.com/track/2937516791
DDJ482	A VER K CONO ME PONGO HOY	GBLFP2205583	yyy891	A ver k coño me pongo hoy	2022-03-31	https://cdn-images.dzcdn.net/images/cover/e8f5cb1640b8be4db2f24cd25e1bbc85/250x250-000000-80-0-0.jpg	https://www.deezer.com/track/3456040631
DDJ486	ANTIGUA PUTA NUEVA CASA	QM6N22498682	yyy891	Antigua Puta Nueva Casa	2024-06-04	https://cdn-images.dzcdn.net/images/cover/9a61e9c9f633b96ba18988e51b8a6e95/250x250-000000-80-0-0.jpg	https://www.deezer.com/track/3456044371
DDJ488	EN LA BARRIGA	QZTBA2481819	yyy891	En La BarriGa	2024-08-30	https://cdn-images.dzcdn.net/images/cover/ed2388c3b29f11f85b2d667a4f8bb8ed/250x250-000000-80-0-0.jpg	https://www.deezer.com/track/2971453341
DDJ487	FANTA Y LEAN	QM6P42444964	yyy891	Retrasado & Fanta y Lean	2024-06-24	https://cdn-images.dzcdn.net/images/cover/1a098996f97cb4f380f8b3dbc11869ff/250x250-000000-80-0-0.jpg	https://www.deezer.com/track/3456040281
DDJ485	GIGOLO EUROPEO (BOUNCE)	QZHN42402243	yyy891	Gigolo Europeo (Bounce)	2024-03-12	https://cdn-images.dzcdn.net/images/cover/169a969145c4b58f16243b45b9fdb5ed/250x250-000000-80-0-0.jpg	https://www.deezer.com/track/2693797402
DDJ471	GUADALINFO SONG	GX53U2080811	yyy891	Sleepkey on the keykeyboard	2022-02-22	https://cdn-images.dzcdn.net/images/cover/634d13bd6513a79d27e72c46680f00f3/250x250-000000-80-0-0.jpg	https://www.deezer.com/track/3456039441
DDJ472	INTRO WAVYYY SOUTH SEA	UKXN22204125	yyy891	Wavyyy South Sea	2022-08-04	https://cdn-images.dzcdn.net/images/cover/69ee37f048a7508cf50615736045c3ac/250x250-000000-80-0-0.jpg	https://www.deezer.com/track/3456040781
DDJ473	NOME ESTRESA						
DDJ484	OLD EL PASO	QZTBA2484737	NIVK	OLD EL PASO (Radio Edit)	2024-08-30	https://cdn-images.dzcdn.net/images/cover/e0dfafed5a719b2bbdc6b5906c0f9521/250x250-000000-80-0-0.jpg	https://www.deezer.com/track/2971185241
DDJ489	POLLO EMPANADO	QZTB82425642	roomtrash6	Pollo empanado	2024-08-29	https://cdn-images.dzcdn.net/images/cover/ec7d52cb0398609a3d0c830cc41b8736/250x250-000000-80-0-0.jpg	https://www.deezer.com/track/2957516841
DDJ470	POLYESTER MAWY	UKXN22288680	yyy891	Polyester Mawy	2022-12-16	https://cdn-images.dzcdn.net/images/cover/6201c613743228ee9897ffe2a8cee01a/250x250-000000-80-0-0.jpg	https://www.deezer.com/track/3456044331
DDJ475	SKITTLE COOCHIE	UKXN22221436	yyy891	Fight for Fait	2022-08-26	https://cdn-images.dzcdn.net/images/cover/d8930f82adf7633d256eca5c17ec34e5/250x250-000000-80-0-0.jpg	https://www.deezer.com/track/3456039371
DWD376	VIM DO NORTE - IBERIAN REMIX FT SIPPINPURPP	PTICN2500056	Sippinpurpp	Vim do Norte (Iberian Remix)	2025-05-14	https://cdn-images.dzcdn.net/images/cover/bbcad85db13efc227199b6a8231e026e/250x250-000000-80-0-0.jpg	https://www.deezer.com/track/3362791541
DDJ509	AXE XOCOLATE	QM6P42445053	roomtrash6	axe xocolate	2024-06-17	https://cdn-images.dzcdn.net/images/cover/7b0b5fb09fc07a053b7bd2928bcb3fec/250x250-000000-80-0-0.jpg	https://www.deezer.com/track/2843967272
DDJ498	MOLLI	QZNWV2375731	8belial	Molli	2023-11-18	https://cdn-images.dzcdn.net/images/cover/eb1472117bfe3facf19a8f85c6ab466a/250x250-000000-80-0-0.jpg	https://www.deezer.com/track/2378918805
DDJ505	OMG	USLF20900103	Usher	Raymond v Raymond (Expanded Edition)	2010-03-30	https://cdn-images.dzcdn.net/images/cover/f1aa5306342e4098b0cc8328bff78b75/250x250-000000-80-0-0.jpg	https://www.deezer.com/track/15597227
DDJ507	SOUTSHIDE	QZTB72500315	DCMBRe	INDUSTRY TOUTOU	2025-06-20	https://cdn-images.dzcdn.net/images/cover/1ee081e7808846220bd1723a593790ee/250x250-000000-80-0-0.jpg	https://www.deezer.com/track/3422279871
DDJ501	THUGLIFE						
DDJ502	VUELTA AL COLE, LA						
DDJ506	YOLONOTO	QM6N22444408	roomtrash6	YOLONOTO	2024-05-17	https://cdn-images.dzcdn.net/images/cover/1f950d13b07b6956564d3ddc0dd14a4c/250x250-000000-80-0-0.jpg	https://www.deezer.com/track/2789406042
DDJ497	SWAG YISUS	QM6P42490013	cybernene	Swag Yisus	2024-07-05	https://cdn-images.dzcdn.net/images/cover/cc536422268ce21fe879f35ed100a0ff/250x250-000000-80-0-0.jpg	https://www.deezer.com/track/3562587381
DDJ496	BAPESTA	USA2P2623645	Régulo Molina	Bapesta	2026-04-30	https://cdn-images.dzcdn.net/images/cover/45055f20b38ede39f7fa045aa2a02b8f/250x250-000000-80-0-0.jpg	https://www.deezer.com/track/3958465651
DWD439	EXCLUSIVE	USWB12504170	Hudson Westbrook	Exclusive	2026-01-23	https://cdn-images.dzcdn.net/images/cover/271cf5a8d0202b9e26b79adeac7d9389/250x250-000000-80-0-0.jpg	https://www.deezer.com/track/3714017762
DDJ468	OSIRIS	ITK192100227	The Sidh	Nigredo	2021-09-06	https://cdn-images.dzcdn.net/images/cover/cb4912069c3a3291cda002f90aa673d7/250x250-000000-80-0-0.jpg	https://www.deezer.com/track/1438206052
DDJ467	SIMON, EL	ES8401500298	Eclipse Reggae	20 Años	2015-12-14	https://cdn-images.dzcdn.net/images/cover/c5dd93e8fc5ffe102b3a834a3d961d25/250x250-000000-80-0-0.jpg	https://www.deezer.com/track/3225183541
DDJ466	TATIANA	FR9W11608832	La Femme	Mystère	2016-09-02	https://cdn-images.dzcdn.net/images/cover/4c7132b3a66bf93f78774c612f01384b/250x250-000000-80-0-0.jpg	https://www.deezer.com/track/130689494
DDJ504	VAPE KING						
DDJ465	WTF	QZFPL2600098	Broken Hill	wtf	2026-06-26	https://cdn-images.dzcdn.net/images/cover/50d0d6d45bc1d61588ba009d49f7a4b0/250x250-000000-80-0-0.jpg	https://www.deezer.com/track/4057076541
DDJ511	AGARIO	QM7282436759	8belial	AGARIO	2024-07-26	https://cdn-images.dzcdn.net/images/cover/78d0d79ac6b00f79d1d8e66a3926fc7b/250x250-000000-80-0-0.jpg	https://www.deezer.com/track/2895877721
DHM320	INTRO MR. FINO	BK4DA2504946	8belial	Mr. Fino Riddim The Mixtape	2025-03-17	https://cdn-images.dzcdn.net/images/cover/99ff9495dfedc540e4a2a2ba1b93c578/250x250-000000-80-0-0.jpg	https://www.deezer.com/track/3277496371
DDJ463	LADYGAGGA						
DWD360	MAQUINA DEL RITME, LA						
DDJ462	SEXYJEANS						
DDJ464	THEMELON						
DON726	WINE	NGA3B2214013	Rema	Rave & Roses	2022-03-24	https://cdn-images.dzcdn.net/images/cover/e43cc1d22a556fa87272c55c933bb4d7/250x250-000000-80-0-0.jpg	https://www.deezer.com/track/1689965247
