cod_obra	titulo_umpg	royalties	share_obra	confianza	cancion_id	titulo_malo	isrc
DHM333	ENVIDIA	9.4674	22.50/10.00	EXACTO	can_oeaqjynj3zj8	ENVIDIA	BK4DA2500852
DHM339	RIRI	8.5708	20.00/10.00	EXACTO	can_6exjlynp8les	RIRI	BK4DA2500694
DDJ467	SIMON, EL	7.2333	100.00	HUERFANA			
DDJ521	VERTICAL SPLIT	6.9093	70.00/30.00	EXACTO	can_wvt5wgpc4yuk	VERTICAL SPLIT	BK4DA2455534
DDJ520	SUBE ARRIBA	5.8829	70.00/30.00	EXACTO	can_093d245e1f4d	SUBE ARRIBA	QZTBD2489905
DDJ526	DISOBEY ANTHEM	3.8303	25.00	EXACTO	can_23110c78cefa	DISOBEY ANTHEM	QZK6N2434441
DHM336	DAB	2.8307	20.00/10.00	EXACTO	can_ebhavproijbo	DAB	BK4DA2500690
DDJ537	JAJAJA	2.4671	20.00	EXACTO	can_b401a9f78060	JAJAJA	QZHN42437984
DDJ535	DIAMANTES	2.2049	20.00	EXACTO	can_n4kznjxo0n2y	DIAMANTES	BK4DA2455206
DDJ479	CREAM PIE	2.2027	70.00/30.00	EXACTO	can_5a6c092036e3	CREAM PIE	GBLFP2472177
DDJ510	BAJATE GYAL	1.8967	35.00/30.00	EXACTO	can_6c476c4c6838	BAJATE GYAL	QZTB32465099
DHM312	GYAL ARMA LETAL	1.7573	70.00/30.00	EXACTO	can_96fdb8i2iq3g	GYAL ARMA LETAL	BK4DA2504951
DHM310	NEW MONEY	1.6746	70.00/30.00	EXACTO	can_vv7m18r21sej	NEW MONEY	BK4DA2504948
DDJ485	GIGOLO EUROPEO (BOUNCE)	1.5569	70.00/30.00	EXACTO	can_4618c1162a37	GIGOLO EUROPEO (BOUNCE)	QZHN42402243
DHM318	BEBEBE	1.1954	50.00	EXACTO	can_vwihtzhe3l1y	BEBEBE	BK4DA2463746
DDJ486	ANTIGUA PUTA NUEVA CASA	1.1858	70.00/30.00	EXACTO	can_e2920b32785b	ANTIGUA PUTA NUEVA CASA	QM6N22498682
DDJ529	OSAMA BIN GUAPO (PAW PAW PAW)	1.1536	33.33	EXACTO	can_omm05h6pd4i5	OSAMA BIN GUAPO (PAW PAW PAW)	BK4DA2457386
DHM332	SMINT	1.132	20.00/10.00	EXACTO	can_dgoch0611anu	SMINT	BK4DA2500692
DHM326	ESTA PIBA	1.0663	70.00/30.00	EXACTO	can_nsvjkbf12gum	ESTA PIBA	BK4DA2504134
DHM317	OTRA VEZ	1.0513	50.00	EXACTO	can_tco97rmh2y1h	OTRA VEZ	BK4DA2504950
DDJ536	LOLLYPOP	1.0511	20.00	EXACTO	can_8dcjwm8znytn	LOLLYPOP	BK4DA2463505
DHM341	BIG BOY	0.8383	70.00/30.00	EXACTO	can_g7ut93akpfon	BIG BOY	BK4DA2502875
DDJ525	BLUNT	0.8382	35.00/30.00	EXACTO	can_611d4f9055fe	BLUNT	QZDA72414322
DHM308	DOLCE DONCELLA	0.7982	35.00/30.00	EXACTO	can_q6q48dujc5k0	DOLCE DONCELLA	BK4DA2500691
DDJ495	SWAGPPENHEIMER	0.765	70.00/30.00	EXACTO	can_h5z2i2q3gngp	SWAGPPENHEIMER	BK4DA2446773
DDJ523	CANCHA	0.7438	35.00/30.00	HUERFANA			
DHM316	CASH FEELING	0.7039	70.00/30.00	EXACTO	can_ltl5ut4w3jdg	CASH FEELING	BK4DA2504949
DHM309	SKY W DIAMONDS	0.6492	35.00/30.00	EXACTO	can_1f0cw1p4ejkf	SKY W DIAMONDS	BK4DA2500695
DDJ527	TRUE RELIGION	0.5865	25.00	EXACTO	can_fd637c199d10	TRUE RELIGION	QM6N22405337
DDJ476	GLO MALAGA	0.5325	35.00/30.00	EXACTO	can_cfb5adbf050c	GLO MALAGA	GBLFP2357725
DDJ522	GALOPANDO EN UN CABALLO	0.4238	35.00/30.00	EXACTO	can_773776cfbb70	GALOPANDO EN UN CABALLO	QM6MZ2421534
DHM331	PASTEL, EL	0.4082	35.00/30.00	FUERTE	can_f56kmjbvzvk3	EL PASTEL	BK4DA2500693
DDJ506	YOLONOTO	0.408	70.00/30.00	EXACTO	can_f8d7ee9d3cd9	YOLONOTO	QM6N22444408
DDJ461	POLOTEAM	0.3658	100.00	EXACTO	can_b197aa0a5000	POLOTEAM	QZTBF2385876
DDJ533	CADILLAC	0.328	25.00	EXACTO	can_bfaaefc8d75b	CADILLAC	QM6N22405294
DDJ524	M & TOSEINA	0.2883	35.00/30.00	EXACTO	can_89703ab10982	M & TOSEINA	QM6N22405280
DDJ513	REINA DEL HASH	0.2649	70.00/15.00	EXACTO	can_aeb30d92c32f	REINA DEL HASH	GBMA22499178
DDJ532	SPIDERMAN	0.2624	35.00/15.00	EXACTO	can_6c71d59d299e	SPIDERMAN	QM6N22405277
DDJ517	CHOCOBOM	0.2586	35.00/15.00	EXACTO	can_473cbea78c4d	CHOCOBOM	QM6P42482415
DDJ518	TOTALAND	0.251	70.00/15.00	EXACTO	can_a337855ff614	TOTALAND	QM7282440723
DDJ515	PACA, LA	0.2097	70.00/15.00	HUERFANA			
DDJ500	GLOCK CHAMPIONS	0.2067	35.00/30.00	HUERFANA			
DDJ478	SEXXXTING	0.1928	70.00/30.00	EXACTO	can_e5ecc0af703b	SEXXXTING	GBLFP2405478
DDJ466	TATIANA	0.1722	100.00	EXACTO	can_375d41e19c61	TATIANA	QZWFL2394263
DHM325	BABYBOO	0.1609	70.00/30.00	EXACTO	can_uvkdjugp1r80	BABYBOO	BK4DA2507890
DDJ480	DINERO HACEDORES	0.1587	70.00/30.00	EXACTO	can_aee3c818e332	DINERO HACEDORES	QM6N22471132
DDJ489	POLLO EMPANADO	0.1552	35.00/30.00	EXACTO	can_5aca7e823519	POLLO EMPANADO	QZTB82425642
DDJ469	ES LO KE HAY (DAY'N'NIGHT REMIX REMIX)	0.1542	100.00	EXACTO	can_6dy9c83s2yhf	ES LO KE HAY (DAY 'N' NIGHT REMIX REMIX)	BK4DA2455907
DDJ487	FANTA Y LEAN	0.1467	70.00/30.00	EXACTO	can_730be78c4285	FANTA Y LEAN	QM6P42444964
DDJ534	INTRO	0.1432	20.00	EXACTO	can_j6vri8f2rc95	INTRO	BK4DA2504946
DDJ488	EN LA BARRIGA	0.131	70.00/30.00	EXACTO	can_30cf03fd3173	EN LA BARRIGA	QZTBA2481819
DDJ519	ROLLINBACKLLYWOODS	0.1185	70.00/30.00	EXACTO	can_42cd4bf26c70	ROLLINBACKLLYWOODS	QM6P42434722
DDJ507	SOUTSHIDE	0.1126	70.00/30.00	HUERFANA			
DDJ481	CARLOTA	0.1013	53.85/46.15	EXACTO	can_6a0677e3fa60	CARLOTA	QM6N22470994
DDJ512	RETRASADO	0.0911	70.00/15.00	EXACTO	can_a900dd189ce1	RETRASADO	QM6P42445017
DDJ497	SWAG YISUS	0.0663	70.00/30.00	EXACTO	can_2116ca723585	SWAG YISUS	QM6P42490013
DDJ516	MASTER CHIEF	0.0464	70.00/15.00	FUERTE	can_c7o81xwnq8ag	MASTER CHIEF (TERNERA)	BK4DA2451743
DDJ499	WIILEAN	0.0414	82.35/17.65	EXACTO	can_f3f21c9403b8	WIILEAN	QZWFL2383066
DDJ477	DC DULCE CAMINO	0.0398	70.00/30.00	EXACTO	can_c8408f0658f9	DC DULCE CAMINO	UKXN22345664
DDJ509	AXE XOCOLATE	0.0376	70.00/15.00	EXACTO	can_5756b2757273	AXE XOCOLATE	QM6P42445053
DHM322	CRECEMOS	0.0354	70.00/30.00	EXACTO	can_ztwks35knlo4	CRECEMOS	BK4DA2504480
DDJ482	A VER K CONO ME PONGO HOY	0.0354	50.00	EXACTO	can_d9a7f3782bbf	A VER K CONO ME PONGO HOY	GBLFP2205583
DDJ514	WACK	0.0294	70.00/15.00	EXACTO	can_b9c7b62f7251	WACK	GBMA22499176
DDJ493	ADVENTURE TIME (SCOUTS)	0.0		EXACTO	can_485564faa780	ADVENTURE TIME (SCOUTS)	GBLFP2356507
DHM328	BADMAN	0.0		EXACTO	can_qjj7r380tx5h	BADMAN	BK4DA2507891
DDJ538	FIESTA PRIVADA	0.0		EXACTO	can_haso0lf5ion4	FIESTA PRIVADA	BK4DA2450295
DHM335	FREEWIWI	0.0		EXACTO	can_wbz8cca16bea	#FREEWIWI	BK4DA2509364
DDJ491	FRUITY	0.0		EXACTO	can_0cb9d28dfa79	FRUITY	GX3Q92312910
DDJ494	GLORYTROTTER	0.0		EXACTO	can_0ee1b4244e9d	GLORYTROTTER	QM6P42426862
DDJ530	MONSTER	0.0		EXACTO	can_ca1adf5d497d	MONSTER	QM7282460430
DDJ492	SPEED FRUITY	0.0		EXACTO	can_7604fc884ea5	SPEED FRUITY	GX3Q92312911
DWD350	11-S	0.0		EXACTO	can_xcuqkbrywq8j	11-S	BK4DA2531604
DWD375	ARROGANG	0.0		EXACTO	can_2wfswpntaz74	ARROGANG	BK4DA2520100
DWD417	BABY MAMAS	0.0		EXACTO	can_7b6e9njemscr	BABY MAMAS	BK4DA2578277
DDJ474	BONUS TRACK	0.0		FUERTE	can_bk30jgl7sx32	BONUS TRACK (LA CONDENA)	BK4DA2527302
DWD404	BONUS TRACK (LA CONDENA)	0.0		EXACTO	can_bk30jgl7sx32	BONUS TRACK (LA CONDENA)	BK4DA2527302
DWD398	CARACOL	0.0		EXACTO	can_0aky89ubes9z	CARACOL	BK4DA2527300
DWD402	CHANELA	0.0		EXACTO	can_tg3nu5pvccqh	CHANELA	BK4DA2527301
DWD406	CHOPPA	0.0		EXACTO	can_83vgox8mtqbh	CHOPPA	BK4DA2550157
DWD405	CLAPALOT	0.0		EXACTO	can_8v85mlwtw1dj	CLAPALOT	BK4DA2550156
DWD394	CUENTA PRIVADA TOTO PUBLICO	0.0		EXACTO	can_m573j36ieohp	CUENTA PRIVADA TOTO PUBLICO	BK4DA2527298
DWD415	DE RODILLAS	0.0		EXACTO	can_gf5x0asjwwml	DE RODILLAS	BK4DA2568160
DDJ471	GUADALINFO SONG	0.0		EXACTO	can_1da1194600cc	GUADALINFO SONG	GX53U2080811
DWD451	HBA FT YYY891	0.0		FUERTE	can_weweostw8c7n	HBA	BK4DA2546050
DWD372	HONEY & PERC	0.0		EXACTO	can_8jd7htdwtk6u	HONEY & PERC	BK4DA2536483
DWD393	INTRO MY SEXY BANG BANG 2	0.0		EXACTO	can_b08xbnwbg700	INTRO MY SEXY BANG BANG 2	BK4DA2527276
DDJ472	INTRO WAVYYY SOUTH SEA	0.0		EXACTO	can_9b534f759481	INTRO WAVYYY SOUTH SEA	UKXN22204125
DWD396	LATINAS EVERYWHERE (WEKE WEKE)	0.0		EXACTO	can_6sgtvom3788r	LATINAS EVERYWHERE (WEKE WEKE)	BK4DA2513164
DWD397	LLAMADO TELEFONICO	0.0		EXACTO	can_myk1rb1kmb3y	LLAMADO TELEFONICO	BK4DA2527299
DWD401	MUSICA PORNO	0.0		EXACTO	can_s0mwe9j0s838	MUSICA PORNO	BK4DA2526229
DDJ473	NOME ESTRESA	0.0		EXACTO	can_d07c4736cf06	NOME ESTRESA	UKXN22204127
DWD339	NUEVA RELIGION, LA	0.0		FUERTE	can_u7e365gif04a	LA NUEVA RELIGIÓN	BK4DA2511775
DDJ484	OLD EL PASO	0.0		EXACTO	can_6734b637c9b1	OLD EL PASO	GX53U2080812
DWD411	PERRAS Y PORROS	0.0		EXACTO	can_iic6gy6h0xc2	PERRAS Y PORROS	BK4DA2560984
DWD395	PLAKITAS	0.0		EXACTO	can_opoobkiyj6e3	PLAKITAS	BK4DA2527280
DWD408	POLO CAMISETA	0.0		EXACTO	can_0u26tnu57723	POLO CAMISETA	BK4DA2550158
DDJ470	POLYESTER MAWY	0.0		EXACTO	can_000110a90968	POLYESTER MAWY	UKXN22288680
DDJ475	SKITTLE COOCHIE	0.0		EXACTO	can_eeb38fd4891c	SKITTLE COOCHIE	UKXN22221436
DWD373	SUPERGORDO	0.0		EXACTO	can_0bpn2jq98efn	SUPERGORDO	BK4DA2511191
DWD376	VIM DO NORTE - IBERIAN REMIX FT SIPPINPURPP	0.0		FUERTE	can_colab_sippin001	Vim do Norte - Iberian Remix (Sippinpurpp)	PTICN2500056
DHM330	WAIMA	0.0		EXACTO	can_i8f1zrm1cg3h	WAIMA	BK4DA2507892
DWD370	YSL	0.0		EXACTO	can_kdz0716ga8sa	YSL	BK4DA2552801
DHM329	ESTATUA DE LA LIBERTAD	0.0		EXACTO	can_oeah2m667qez	ESTATUA DE LA LIBERTAD	BK4DA2507889
DDJ498	MOLLI	0.0		EXACTO	can_3f2d4b00499a	MOLLI	QZNWV2375731
DDJ508	NO ME RAYES MAS	0.0		EXACTO	can_i95xthej4c5i	NO ME RAYES MAS	BK4DA2451362
DDJ505	OMG	0.0		EXACTO	can_f8ad9a5baca5	OMG	QZFZ72453512
DDJ501	THUGLIFE	0.0		EXACTO	can_bae99606e606	THUGLIFE	QZTB32349261
DDJ502	VUELTA AL COLE, LA	0.0		HUERFANA			
DHM311	MR. FINO	0.0		EXACTO	can_hgwqwcy1dqew	MR. FINO	BK4DA2503389
DHM314	ORILLA	0.0		EXACTO	can_jol6cat2wmjs	ORILLA	BK4DA2510221
DDJ496	BAPESTA	0.0		EXACTO	can_bb724ec42266	BAPESTA	QM6MZ2430838
DWD354	CYBERTRASH	0.0		EXACTO	can_3m2ahowta55s	CYBERTRASH	BK4DA2546076
DWD345	IMPERIO	0.0		EXACTO	can_4yfzkqldkwyv	IMPERIO	BK4DA2531602
DWD341	INTRO PRESIDENCIAL	0.0		EXACTO	can_927w5j5l10fr	INTRO PRESIDENCIAL	BK4DA2531599
DWD344	KENNEDY	0.0		EXACTO	can_p6n14hkv0scc	KENNEDY	BK4DA2531601
DWD351	LEANCOLN	0.0		EXACTO	can_5z9j9jmfjcpx	LEANCOLN	BK4DA2531606
DWD357	LEANCOLN REMIX	0.0		EXACTO	can_w0ip0h3a2zxv	LEANCOLN REMIX	BK4DA2550424
DWD353	LOUD BONUS TRACK	0.0		EXACTO	can_1imgh5iprs1j	LOUD (BONUS TRACK)	BK4DA2531607
DWD453	MEJOR NO	0.0		EXACTO	can_x36qf5yncn2e	MEJOR NO	BK4DA2558883
DWD342	MTGA	0.0		EXACTO	can_jme445e44czj	MTGA	BK4DA2531600
DWD347	PRESIDENTE, EL	0.0		FUERTE	can_rsizzbi52jon	EL PRESIDENTE	BK4DA2521389
DWD349	PRIMERA DAMA (CYBERSEXO)	0.0		EXACTO	can_esu7m5x3zbg3	PRIMERA DAMA (CYBERSEXO)	BK4DA2524360
DWD348	WHITE WIDOW HOUSE	0.0		EXACTO	can_t5pysw90ym2c	WHITE WIDOW HOUSE	BK4DA2531603
DWD442	AURAPILLS	0.0		EXACTO	can_o62m3mnfgqcg	AURAPILLS	BK4DA2535115
DWD443	BASED ANTHEM	0.0		EXACTO	can_f8q9ao4au7gj	BASED ANTHEM	BK4DA2546051
DWD427	CEREBRO	0.0		EXACTO	can_zo1taabgafxf	CEREBRO	BK4DA2546075
DWD446	CHANNEL N5	0.0		EXACTO	can_r59lvyxofwhj	CHANNEL N5	BK4DA2546085
DWD426	DOVER	0.0		EXACTO	can_0513oepq4wv7	DOVER	BK4DA2546068
DWD439	EXCLUSIVE	0.0		FUERTE	can_colab_sexojaj01	EXCLUSIVE (sexojaja)	CAGOO2516607
DWD449	FARAON, EL	0.0		FUERTE	can_rau3817pcqtt	EL FARAÓN	BK4DA2546094
DWD455	FIRST RAPPER	0.0		EXACTO	can_i1rnjvo3631z	FIRST RAPPER	BK4DA2574149
DWD422	FREESTYLE 2000	0.0		EXACTO	can_lzvp4r4121qk	FREESTYLE 2000	BK4DA2546059
DWD435	FUMAO	0.0		EXACTO	can_supf1ajnhfhq	FUMAO	BK4DA2527581
DWD445	MADONNA	0.0		EXACTO	can_7k0f1q3h6etq	MADONNA	BK4DA2546066
DWD429	MAS DINERO MAS PROBLEMAS	0.0		EXACTO	can_da6s1prs0fz9	MAS DINERO MAS PROBLEMAS	BK4DA2546095
DWD424	MUSICA BASADA	0.0		EXACTO	can_q4m5k0tl1h6b	MUSICA BASADA	BK4DA2516598
DDJ468	OSIRIS	0.0		EXACTO	can_c33546ad5bc4	OSIRIS	QZHN72463888
DHM324	PINA COLADA	0.0		EXACTO	can_ueegioybd1jg	PIÑA COLADA	BK4DA2507888
DWD425	PROBLEM?	0.0		EXACTO	can_lyi8vn5n82gc	PROBLEM?	BK4DA2545388
DWD420	TODO OK (PHILIP PLEIN)	0.0		EXACTO	can_29lxpx4ivien	TODO OK (PHILIP PLEIN)	BK4DA2512069
DWD428	UWU	0.0		EXACTO	can_xfvlhsaxv9xg	UWU	BK4DA2546077
DWD448	VAINA EMOCIONAL	0.0		EXACTO	can_6lihr3uzziw5	VAINA EMOCIONAL	BK4DA2546086
DDJ504	VAPE KING	0.0		EXACTO	can_9181bcdf9c0b	VAPE KING	QZFYZ2394134
DDJ465	WTF	0.0		EXACTO	can_fee71c7801cb	WTF	QZES72303399
DDJ511	AGARIO	0.0		EXACTO	can_4780abd3131e	AGARIO	QM7282436759
DWD363	BIEN LOKO	0.0		EXACTO	can_t56rwhbysq14	BIEN LOKO	BK4DA2541210
DWD364	CHICABUMBUM	0.0		EXACTO	can_qi34ske5es8p	CHICABUMBUM	BK4DA2527636
DWD365	DAME LA LUZ	0.0		EXACTO	can_h7b5uwkc7bpk	DAME LA LUZ	BK4DA2541211
DWD361	ESPERA	0.0		EXACTO	can_828cj1krir40	ESPERA	BK4DA2541209
DHM320	INTRO MR. FINO	0.0		HUERFANA			
DDJ463	LADYGAGGA	0.0		EXACTO	can_5d1e6246b0a5	LADYGAGGA	QZES82400686
DWD360	MAQUINA DEL RITME, LA	0.0		FUERTE	can_colab_mushkaa01	LA MÀQUINA DEL RITME (Mushkaa)	UYB282513763
DWD371	MASONES	0.0		EXACTO	can_mwg0kzzeb7bq	MASONES	BK4DA2606430
DDJ462	SEXYJEANS	0.0		EXACTO	can_025e6a06f78e	SEXYJEANS	QZFYY2446418
DWD367	SIEMPRE NICE	0.0		EXACTO	can_u973wy89b2if	SIEMPRE NICE	BK4DA2564517
DDJ464	THEMELON	0.0		EXACTO	can_7519e34353f6	THEMELON	QM6MZ2497722
DON726	WINE	0.0		HUERFANA			
